parameter,mean
Base pay|10%,0.10341470216964124
Base pay|20%,0.22119037823979326
Health care|Enhanced,0.16605758897642658
Internal job market|Enhanced,0.6060992260802174
Learning|40,0.060548847928113346
Learning|60+Mentor,0.18796673001749326
Manager effectiveness|Enhanced,0.7997948296854454
